date,trend_slug,trend_label,average_relative_interest,countries_available,start_date,months_from_start,raw_cumulative_average_relative_interest,cumulative_average_relative_interest
2010-02-01,camelbak_water_bottle,CamelBak,0.0,6,2012-02-01,-24,0.0,-0.007568027210884354
2010-03-01,camelbak_water_bottle,CamelBak,0.0,6,2012-02-01,-23,0.0,-0.007568027210884354
2010-04-01,camelbak_water_bottle,CamelBak,0.0,6,2012-02-01,-22,0.0,-0.007568027210884354
2010-05-01,camelbak_water_bottle,CamelBak,0.0,6,2012-02-01,-21,0.0,-0.007568027210884354
2010-06-01,camelbak_water_bottle,CamelBak,0.0,6,2012-02-01,-20,0.0,-0.007568027210884354
2010-07-01,camelbak_water_bottle,CamelBak,0.0,6,2012-02-01,-19,0.0,-0.007568027210884354
2010-08-01,camelbak_water_bottle,CamelBak,0.0,6,2012-02-01,-18,0.0,-0.007568027210884354
2010-09-01,camelbak_water_bottle,CamelBak,0.0,6,2012-02-01,-17,0.0,-0.007568027210884354
2010-10-01,camelbak_water_bottle,CamelBak,0.0,6,2012-02-01,-16,0.0,-0.007568027210884354
2010-11-01,camelbak_water_bottle,CamelBak,0.0,6,2012-02-01,-15,0.0,-0.007568027210884354
2010-12-01,camelbak_water_bottle,CamelBak,0.0,6,2012-02-01,-14,0.0,-0.007568027210884354
2011-01-01,camelbak_water_bottle,CamelBak,0.0,6,2012-02-01,-13,0.0,-0.007568027210884354
2011-02-01,camelbak_water_bottle,CamelBak,0.0,6,2012-02-01,-12,0.0,-0.007568027210884354
2011-03-01,camelbak_water_bottle,CamelBak,0.0,6,2012-02-01,-11,0.0,-0.007568027210884354
2011-04-01,camelbak_water_bottle,CamelBak,0.0,6,2012-02-01,-10,0.0,-0.007568027210884354
2011-05-01,camelbak_water_bottle,CamelBak,0.0,6,2012-02-01,-9,0.0,-0.007568027210884354
2011-06-01,camelbak_water_bottle,CamelBak,0.0,6,2012-02-01,-8,0.0,-0.007568027210884354
2011-07-01,camelbak_water_bottle,CamelBak,0.0,6,2012-02-01,-7,0.0,-0.007568027210884354
2011-08-01,camelbak_water_bottle,CamelBak,0.0,6,2012-02-01,-6,0.0,-0.007568027210884354
2011-09-01,camelbak_water_bottle,CamelBak,0.0,6,2012-02-01,-5,0.0,-0.007568027210884354
2011-10-01,camelbak_water_bottle,CamelBak,0.0,6,2012-02-01,-4,0.0,-0.007568027210884354
2011-11-01,camelbak_water_bottle,CamelBak,0.0,6,2012-02-01,-3,0.0,-0.007568027210884354
2011-12-01,camelbak_water_bottle,CamelBak,0.0,6,2012-02-01,-2,0.0,-0.007568027210884354
2012-01-01,camelbak_water_bottle,CamelBak,0.0,6,2012-02-01,-1,0.0,-0.007568027210884354
2012-02-01,camelbak_water_bottle,CamelBak,0.007568027210884354,6,2012-02-01,0,0.007568027210884354,0.0
2012-03-01,camelbak_water_bottle,CamelBak,0.007398373983739837,6,2012-02-01,1,0.01496640119462419,0.007398373983739837
2012-04-01,camelbak_water_bottle,CamelBak,0.011204481792717087,6,2012-02-01,2,0.026170882987341278,0.018602855776456925
2012-05-01,camelbak_water_bottle,CamelBak,0.0070921985815602835,6,2012-02-01,3,0.033263081568901565,0.02569505435801721
2012-06-01,camelbak_water_bottle,CamelBak,0.010204081632653062,6,2012-02-01,4,0.04346716320155462,0.03589913599067027
2012-07-01,camelbak_water_bottle,CamelBak,0.00980392156862745,6,2012-02-01,5,0.053271084770182074,0.04570305755929772
2012-08-01,camelbak_water_bottle,CamelBak,0.010204081632653062,6,2012-02-01,6,0.06347516640283514,0.05590713919195078
2012-09-01,camelbak_water_bottle,CamelBak,0.010416666666666666,6,2012-02-01,7,0.0738918330695018,0.06632380585861744
2012-10-01,camelbak_water_bottle,CamelBak,0.007575757575757576,6,2012-02-01,8,0.08146759064525938,0.07389956343437502
2012-11-01,camelbak_water_bottle,CamelBak,0.008130081300813009,6,2012-02-01,9,0.08959767194607239,0.08202964473518803
2012-12-01,camelbak_water_bottle,CamelBak,0.008333333333333333,6,2012-02-01,10,0.09793100527940572,0.09036297806852137
2013-01-01,camelbak_water_bottle,CamelBak,0.011904761904761904,6,2012-02-01,11,0.10983576718416763,0.10226773997328327
2013-02-01,camelbak_water_bottle,CamelBak,0.010638297872340427,6,2012-02-01,12,0.12047406505650805,0.1129060378456237
2013-03-01,camelbak_water_bottle,CamelBak,0.010204081632653062,6,2012-02-01,13,0.1306781466891611,0.12311011947827676
2013-04-01,camelbak_water_bottle,CamelBak,0.013763763763763764,6,2012-02-01,14,0.14444191045292487,0.13687388324204053
2013-05-01,camelbak_water_bottle,CamelBak,0.01402116402116402,6,2012-02-01,15,0.1584630744740889,0.15089504726320455
2013-06-01,camelbak_water_bottle,CamelBak,0.013992869875222816,6,2012-02-01,16,0.17245594434931172,0.16488791713842738
2013-07-01,camelbak_water_bottle,CamelBak,0.009090909090909092,6,2012-02-01,17,0.1815468534402208,0.17397882622933647
2013-08-01,camelbak_water_bottle,CamelBak,0.008771929824561403,6,2012-02-01,18,0.19031878326478222,0.18275075605389787
2013-09-01,camelbak_water_bottle,CamelBak,0.014062935115566694,6,2012-02-01,19,0.2043817183803489,0.19681369116946457
2013-10-01,camelbak_water_bottle,CamelBak,0.014540337711069419,6,2012-02-01,20,0.21892205609141832,0.21135402888053398
2013-11-01,camelbak_water_bottle,CamelBak,0.013678451178451179,6,2012-02-01,21,0.2326005072698695,0.22503248005898516
2013-12-01,camelbak_water_bottle,CamelBak,0.011273448773448774,6,2012-02-01,22,0.24387395604331827,0.23630592883243393
2014-01-01,camelbak_water_bottle,CamelBak,0.012056173820879703,6,2012-02-01,23,0.255930129864198,0.24836210265331365
2014-02-01,camelbak_water_bottle,CamelBak,0.012307525482541748,6,2012-02-01,24,0.2682376553467397,0.26066962813585537
2014-03-01,camelbak_water_bottle,CamelBak,0.02483550400217067,6,2012-02-01,25,0.2930731593489104,0.28550513213802603
2014-04-01,camelbak_water_bottle,CamelBak,0.023113443278360818,6,2012-02-01,26,0.3161866026272712,0.3086185754163869
2014-05-01,camelbak_water_bottle,CamelBak,0.023088023088023088,6,2012-02-01,27,0.3392746257152943,0.33170659850441
2014-06-01,camelbak_water_bottle,CamelBak,0.007936507936507936,6,2012-02-01,28,0.34721113365180223,0.3396431064409179
2014-07-01,camelbak_water_bottle,CamelBak,0.007692307692307692,6,2012-02-01,29,0.35490344134410995,0.3473354141332256
2014-08-01,camelbak_water_bottle,CamelBak,0.0078125,6,2012-02-01,30,0.36271594134410995,0.3551479141332256
2014-09-01,camelbak_water_bottle,CamelBak,0.0078125,6,2012-02-01,31,0.37052844134410995,0.3629604141332256
2014-10-01,camelbak_water_bottle,CamelBak,0.00847457627118644,6,2012-02-01,32,0.37900301761529637,0.371434990404412
2014-11-01,camelbak_water_bottle,CamelBak,0.009259259259259259,6,2012-02-01,33,0.3882622768745556,0.38069424966367127
2014-12-01,camelbak_water_bottle,CamelBak,0.009259259259259259,6,2012-02-01,34,0.3975215361338149,0.38995350892293057
2015-01-01,camelbak_water_bottle,CamelBak,0.008620689655172415,6,2012-02-01,35,0.4061422257889873,0.39857419857810295
2015-02-01,camelbak_water_bottle,CamelBak,0.00819672131147541,6,2012-02-01,36,0.4143389471004627,0.40677091988957836
2015-03-01,camelbak_water_bottle,CamelBak,0.008064516129032258,6,2012-02-01,37,0.42240346322949496,0.4148354360186106
2015-04-01,camelbak_water_bottle,CamelBak,0.0078125,6,2012-02-01,38,0.43021596322949496,0.4226479360186106
2015-05-01,camelbak_water_bottle,CamelBak,0.007352941176470587,6,2012-02-01,39,0.4375689044059656,0.43000087719508123
2015-06-01,camelbak_water_bottle,CamelBak,0.006756756756756756,6,2012-02-01,40,0.4443256611627223,0.436757633951838
2015-07-01,camelbak_water_bottle,CamelBak,0.01848370927318296,6,2012-02-01,41,0.46280937043590525,0.4552413432250209
2015-08-01,camelbak_water_bottle,CamelBak,0.024439102564102564,6,2012-02-01,42,0.48724847300000784,0.4796804457891235
2015-09-01,camelbak_water_bottle,CamelBak,0.02438868976503385,6,2012-02-01,43,0.5116371627650417,0.5040691355541573
2015-10-01,camelbak_water_bottle,CamelBak,0.012092758571631812,6,2012-02-01,44,0.5237299213366735,0.5161618941257892
2015-11-01,camelbak_water_bottle,CamelBak,0.01173890608875129,6,2012-02-01,45,0.5354688274254248,0.5279008002145404
2015-12-01,camelbak_water_bottle,CamelBak,0.010950080515297908,6,2012-02-01,46,0.5464189079407227,0.5388508807298383
2016-01-01,camelbak_water_bottle,CamelBak,0.01342342342342342,6,2012-02-01,47,0.5598423313641461,0.5522743041532617
2016-02-01,camelbak_water_bottle,CamelBak,0.015529715762273901,6,2012-02-01,48,0.57537204712642,0.5678040199155356
2016-03-01,camelbak_water_bottle,CamelBak,0.018822923108637396,6,2012-02-01,49,0.5941949702350574,0.5866269430241731
2016-04-01,camelbak_water_bottle,CamelBak,0.019256669256669256,6,2012-02-01,50,0.6134516394917267,0.6058836122808423
2016-05-01,camelbak_water_bottle,CamelBak,0.013818860877684407,6,2012-02-01,51,0.6272705003694111,0.6197024731585268
2016-06-01,camelbak_water_bottle,CamelBak,0.022836847836847834,6,2012-02-01,52,0.6501073482062589,0.6425393209953746
2016-07-01,camelbak_water_bottle,CamelBak,0.023241050414963455,6,2012-02-01,53,0.6733483986212223,0.665780371410338
2016-08-01,camelbak_water_bottle,CamelBak,0.02878922878922879,6,2012-02-01,54,0.7021376274104512,0.6945696001995668
2016-09-01,camelbak_water_bottle,CamelBak,0.019069069069069067,6,2012-02-01,55,0.7212066964795202,0.7136386692686358
2016-10-01,camelbak_water_bottle,CamelBak,0.01422882672882673,6,2012-02-01,56,0.7354355232083469,0.7278674959974626
2016-11-01,camelbak_water_bottle,CamelBak,0.02167573829977922,6,2012-02-01,57,0.7571112615081261,0.7495432342972418
2016-12-01,camelbak_water_bottle,CamelBak,0.017367102612215902,6,2012-02-01,58,0.7744783641203421,0.7669103369094578
2017-01-01,camelbak_water_bottle,CamelBak,0.016741940221781597,6,2012-02-01,59,0.7912203043421236,0.7836522771312393
2017-02-01,camelbak_water_bottle,CamelBak,0.010205992509363297,6,2012-02-01,60,0.8014262968514869,0.7938582696406026
2017-03-01,camelbak_water_bottle,CamelBak,0.01294463568559954,6,2012-02-01,61,0.8143709325370865,0.8068029053262021
2017-04-01,camelbak_water_bottle,CamelBak,0.014338235294117646,6,2012-02-01,62,0.8287091678312042,0.8211411406203198
2017-05-01,camelbak_water_bottle,CamelBak,0.013279345175896901,6,2012-02-01,63,0.8419885130071011,0.8344204857962167
2017-06-01,camelbak_water_bottle,CamelBak,0.010227272727272725,6,2012-02-01,64,0.8522157857343737,0.8446477585234894
2017-07-01,camelbak_water_bottle,CamelBak,0.009510658423701902,6,2012-02-01,65,0.8617264441580756,0.8541584169471913
2017-08-01,camelbak_water_bottle,CamelBak,0.011355882679412092,6,2012-02-01,66,0.8730823268374878,0.8655142996266034
2017-09-01,camelbak_water_bottle,CamelBak,0.013239538239538239,6,2012-02-01,67,0.886321865077026,0.8787538378661417
2017-10-01,camelbak_water_bottle,CamelBak,0.012952898550724637,6,2012-02-01,68,0.8992747636277506,0.8917067364168663
2017-11-01,camelbak_water_bottle,CamelBak,0.01136896390060947,6,2012-02-01,69,0.9106437275283601,0.9030757003174757
2017-12-01,camelbak_water_bottle,CamelBak,0.016852665028515956,6,2012-02-01,70,0.9274963925568761,0.9199283653459918
2018-01-01,camelbak_water_bottle,CamelBak,0.015375568373765398,6,2012-02-01,71,0.9428719609306415,0.9353039337197572
2018-02-01,camelbak_water_bottle,CamelBak,0.013546448062912891,6,2012-02-01,72,0.9564184089935543,0.94885038178267
2018-03-01,camelbak_water_bottle,CamelBak,0.0078125,6,2012-02-01,73,0.9642309089935543,0.95666288178267
2018-04-01,camelbak_water_bottle,CamelBak,0.009090909090909092,6,2012-02-01,74,0.9733218180844635,0.9657537908735792
2018-05-01,camelbak_water_bottle,CamelBak,0.013578242310184526,6,2012-02-01,75,0.986900060394648,0.9793320331837636
2018-06-01,camelbak_water_bottle,CamelBak,0.015537166390508757,6,2012-02-01,76,1.0024372267851567,0.9948691995742723
2018-07-01,camelbak_water_bottle,CamelBak,0.018895138220198754,6,2012-02-01,77,1.0213323650053554,1.013764337794471
2018-08-01,camelbak_water_bottle,CamelBak,0.01914043778074328,6,2012-02-01,78,1.0404728027860988,1.0329047755752143
2018-09-01,camelbak_water_bottle,CamelBak,0.01796408870876956,6,2012-02-01,79,1.0584368914948683,1.0508688642839839
2018-10-01,camelbak_water_bottle,CamelBak,0.014159696512637689,6,2012-02-01,80,1.0725965880075061,1.0650285607966217
2018-11-01,camelbak_water_bottle,CamelBak,0.013027639185871546,6,2012-02-01,81,1.0856242271933776,1.0780561999824931
2018-12-01,camelbak_water_bottle,CamelBak,0.011111111111111112,6,2012-02-01,82,1.0967353383044887,1.0891673110936042
2019-01-01,camelbak_water_bottle,CamelBak,0.013073133762788935,6,2012-02-01,83,1.1098084720672776,1.1022404448563932
2019-02-01,camelbak_water_bottle,CamelBak,0.009517657192075797,6,2012-02-01,84,1.1193261292593535,1.111758102048469
2019-03-01,camelbak_water_bottle,CamelBak,0.010509570750534604,6,2012-02-01,85,1.129835700009888,1.1222676727990035
2019-04-01,camelbak_water_bottle,CamelBak,0.008064516129032258,6,2012-02-01,86,1.1379002161389202,1.1303321889280358
2019-05-01,camelbak_water_bottle,CamelBak,0.008044733044733044,6,2012-02-01,87,1.1459449491836533,1.1383769219727689
2019-06-01,camelbak_water_bottle,CamelBak,0.005143112701252236,6,2012-02-01,88,1.1510880618849055,1.143520034674021
2019-07-01,camelbak_water_bottle,CamelBak,0.012605429800140755,6,2012-02-01,89,1.1636934916850463,1.1561254644741619
2019-08-01,camelbak_water_bottle,CamelBak,0.01685785439238478,6,2012-02-01,90,1.180551346077431,1.1729833188665466
2019-09-01,camelbak_water_bottle,CamelBak,0.019548843865331022,6,2012-02-01,91,1.2001001899427621,1.1925321627318777
2019-10-01,camelbak_water_bottle,CamelBak,0.011373274732053358,6,2012-02-01,92,1.2114734646748155,1.203905437463931
2019-11-01,camelbak_water_bottle,CamelBak,0.006410256410256411,6,2012-02-01,93,1.217883721085072,1.2103156938741875
2019-12-01,camelbak_water_bottle,CamelBak,0.005376344086021505,6,2012-02-01,94,1.2232600651710934,1.215692037960209
2020-01-01,camelbak_water_bottle,CamelBak,0.0049504950495049506,6,2012-02-01,95,1.2282105602205984,1.220642533009714
2020-02-01,camelbak_water_bottle,CamelBak,0.00698581560283688,6,2012-02-01,96,1.2351963758234352,1.2276283486125508
2020-03-01,camelbak_water_bottle,CamelBak,0.0065621176732287845,6,2012-02-01,97,1.241758493496664,1.2341904662857794
2020-04-01,camelbak_water_bottle,CamelBak,0.00551906586389345,6,2012-02-01,98,1.2472775593605574,1.239709532149673
2020-05-01,camelbak_water_bottle,CamelBak,0.0,6,2012-02-01,99,1.2472775593605574,1.239709532149673
2020-06-01,camelbak_water_bottle,CamelBak,0.005849753694581281,6,2012-02-01,100,1.2531273130551388,1.2455592858442543
2020-07-01,camelbak_water_bottle,CamelBak,0.009412855054302423,6,2012-02-01,101,1.2625401681094413,1.2549721408985568
2020-08-01,camelbak_water_bottle,CamelBak,0.01175721961534005,6,2012-02-01,102,1.2742973877247812,1.2667293605138967
2020-09-01,camelbak_water_bottle,CamelBak,0.01115450571972311,6,2012-02-01,103,1.2854518934445043,1.2778838662336198
2020-10-01,camelbak_water_bottle,CamelBak,0.00890896543070456,6,2012-02-01,104,1.294360858875209,1.2867928316643245
2020-11-01,camelbak_water_bottle,CamelBak,0.011667345000678333,6,2012-02-01,105,1.3060282038758873,1.2984601766650028
2020-12-01,camelbak_water_bottle,CamelBak,0.01172722116571581,6,2012-02-01,106,1.317755425041603,1.3101873978307186
2021-01-01,camelbak_water_bottle,CamelBak,0.010616494507296279,6,2012-02-01,107,1.3283719195488992,1.3208038923380148
2021-02-01,camelbak_water_bottle,CamelBak,0.0109347442680776,6,2012-02-01,108,1.3393066638169768,1.3317386366060924
2021-03-01,camelbak_water_bottle,CamelBak,0.008768115942028984,6,2012-02-01,109,1.3480747797590058,1.3405067525481213
2021-04-01,camelbak_water_bottle,CamelBak,0.010156510156510156,6,2012-02-01,110,1.358231289915516,1.3506632627046316
2021-05-01,camelbak_water_bottle,CamelBak,0.006666666666666667,6,2012-02-01,111,1.3648979565821826,1.3573299293712981
2021-06-01,camelbak_water_bottle,CamelBak,0.009440925483150819,6,2012-02-01,112,1.3743388820653335,1.366770854854449
2021-07-01,camelbak_water_bottle,CamelBak,0.011481713252676959,6,2012-02-01,113,1.3858205953180105,1.378252568107126
2021-08-01,camelbak_water_bottle,CamelBak,0.012670354493479122,6,2012-02-01,114,1.3984909498114897,1.3909229226006052
2021-09-01,camelbak_water_bottle,CamelBak,0.009955607198371125,6,2012-02-01,115,1.4084465570098608,1.4008785297989763
2021-10-01,camelbak_water_bottle,CamelBak,0.010485287659200704,6,2012-02-01,116,1.4189318446690615,1.411363817458177
2021-11-01,camelbak_water_bottle,CamelBak,0.010822510822510822,6,2012-02-01,117,1.4297543554915721,1.4221863282806877
2021-12-01,camelbak_water_bottle,CamelBak,0.0118939883645766,6,2012-02-01,118,1.441648343856149,1.4340803166452645
2022-01-01,camelbak_water_bottle,CamelBak,0.01109490913102231,6,2012-02-01,119,1.452743252987171,1.4451752257762867
2022-02-01,camelbak_water_bottle,CamelBak,0.012078198343108438,6,2012-02-01,120,1.4648214513302795,1.457253424119395
2022-03-01,camelbak_water_bottle,CamelBak,0.013109783593777494,6,2012-02-01,121,1.4779312349240572,1.4703632077131727
2022-04-01,camelbak_water_bottle,CamelBak,0.01250285005882166,6,2012-02-01,122,1.4904340849828788,1.4828660577719943
2022-05-01,camelbak_water_bottle,CamelBak,0.012885765420452852,6,2012-02-01,123,1.5033198504033316,1.4957518231924471
2022-06-01,camelbak_water_bottle,CamelBak,0.011273327062800745,6,2012-02-01,124,1.5145931774661323,1.5070251502552479
2022-07-01,camelbak_water_bottle,CamelBak,0.014061487667406683,6,2012-02-01,125,1.528654665133539,1.5210866379226546
2022-08-01,camelbak_water_bottle,CamelBak,0.012833213585246106,6,2012-02-01,126,1.5414878787187851,1.5339198515079007
2022-09-01,camelbak_water_bottle,CamelBak,0.012851871662689392,6,2012-02-01,127,1.5543397503814744,1.54677172317059
2022-10-01,camelbak_water_bottle,CamelBak,0.008449809771388513,6,2012-02-01,128,1.562789560152863,1.5552215329419785
2022-11-01,camelbak_water_bottle,CamelBak,0.006864988558352402,6,2012-02-01,129,1.5696545487112155,1.562086521500331
2022-12-01,camelbak_water_bottle,CamelBak,0.008333853548910669,6,2012-02-01,130,1.577988402260126,1.5704203750492416
2023-01-01,camelbak_water_bottle,CamelBak,0.010986875200073168,6,2012-02-01,131,1.5889752774601993,1.5814072502493148
2023-02-01,camelbak_water_bottle,CamelBak,0.01194981213097155,6,2012-02-01,132,1.6009250895911709,1.5933570623802864
2023-03-01,camelbak_water_bottle,CamelBak,0.01058715379626378,6,2012-02-01,133,1.6115122433874347,1.6039442161765503
2023-04-01,camelbak_water_bottle,CamelBak,0.009176575955436929,6,2012-02-01,134,1.6206888193428715,1.613120792131987
2023-05-01,camelbak_water_bottle,CamelBak,0.006590953652172602,6,2012-02-01,135,1.6272797729950441,1.6197117457841597
2023-06-01,camelbak_water_bottle,CamelBak,0.009417809167705304,6,2012-02-01,136,1.6366975821627494,1.629129554951865
2023-07-01,camelbak_water_bottle,CamelBak,0.007919201348813,6,2012-02-01,137,1.6446167835115624,1.637048756300678
2023-08-01,camelbak_water_bottle,CamelBak,0.00877457501762252,6,2012-02-01,138,1.653391358529185,1.6458233313183006
2023-09-01,camelbak_water_bottle,CamelBak,0.00536000376967298,6,2012-02-01,139,1.658751362298858,1.6511833350879734
2023-10-01,camelbak_water_bottle,CamelBak,0.004330188249236519,6,2012-02-01,140,1.6630815505480945,1.65551352333721
2023-11-01,camelbak_water_bottle,CamelBak,0.004705065049892636,6,2012-02-01,141,1.667786615597987,1.6602185883871026
2023-12-01,camelbak_water_bottle,CamelBak,0.005296392282693653,6,2012-02-01,142,1.6730830078806807,1.6655149806697962
2024-01-01,camelbak_water_bottle,CamelBak,0.006083333333333334,6,2012-02-01,143,1.679166341214014,1.6715983140031296
2024-02-01,camelbak_water_bottle,CamelBak,0.006535947712418301,6,2012-02-01,144,1.6857022889264324,1.678134261715548
2024-03-01,camelbak_water_bottle,CamelBak,0.00620722660923666,6,2012-02-01,145,1.6919095155356692,1.6843414883247847
2024-04-01,camelbak_water_bottle,CamelBak,0.00644228783811687,6,2012-02-01,146,1.6983518033737859,1.6907837761629014
2024-05-01,camelbak_water_bottle,CamelBak,0.004813594365833172,6,2012-02-01,147,1.703165397739619,1.6955973705287346
2024-06-01,camelbak_water_bottle,CamelBak,0.005026332492752131,6,2012-02-01,148,1.7081917302323713,1.7006237030214868
2024-07-01,camelbak_water_bottle,CamelBak,0.00459495523415978,6,2012-02-01,149,1.712786685466531,1.7052186582556466
2024-08-01,camelbak_water_bottle,CamelBak,0.00604541476581844,6,2012-02-01,150,1.7188321002323494,1.711264073021465
2024-09-01,camelbak_water_bottle,CamelBak,0.005790475351024629,6,2012-02-01,151,1.7246225755833742,1.7170545483724897
2024-10-01,camelbak_water_bottle,CamelBak,0.007156405256306936,6,2012-02-01,152,1.731778980839681,1.7242109536287966
2024-11-01,camelbak_water_bottle,CamelBak,0.00627120286905108,6,2012-02-01,153,1.738050183708732,1.7304821564978476
2024-12-01,camelbak_water_bottle,CamelBak,0.0063208525551621784,6,2012-02-01,154,1.7443710362638942,1.7368030090530098
2025-01-01,camelbak_water_bottle,CamelBak,0.005821788174729351,6,2012-02-01,155,1.7501928244386236,1.742624797227739
2025-02-01,camelbak_water_bottle,CamelBak,0.006270398751241663,6,2012-02-01,156,1.7564632231898654,1.748895195978981
2025-03-01,camelbak_water_bottle,CamelBak,0.0077223771253622,6,2012-02-01,157,1.7641856003152274,1.756617573104343
2025-04-01,camelbak_water_bottle,CamelBak,0.007892076536144333,6,2012-02-01,158,1.7720776768513717,1.7645096496404873
2025-05-01,camelbak_water_bottle,CamelBak,0.007522422243296692,6,2012-02-01,159,1.7796000990946685,1.772032071883784
2025-06-01,camelbak_water_bottle,CamelBak,0.006113663531450794,6,2012-02-01,160,1.7857137626261192,1.7781457354152348
2025-07-01,camelbak_water_bottle,CamelBak,0.00556686616954474,6,2012-02-01,161,1.791280628795664,1.7837126015847795
2025-08-01,camelbak_water_bottle,CamelBak,0.005090990337252116,6,2012-02-01,162,1.7963716191329162,1.7888035919220318
2025-09-01,camelbak_water_bottle,CamelBak,0.0058193445243804945,6,2012-02-01,163,1.8021909636572966,1.7946229364464121
2025-10-01,camelbak_water_bottle,CamelBak,0.007099352625562823,6,2012-02-01,164,1.8092903162828595,1.801722289071975
2025-11-01,camelbak_water_bottle,CamelBak,0.00787819069069069,6,2012-02-01,165,1.8171685069735501,1.8096004797626657
2025-12-01,camelbak_water_bottle,CamelBak,0.007096557206628755,6,2012-02-01,166,1.824265064180179,1.8166970369692945
2026-01-01,camelbak_water_bottle,CamelBak,0.006539559014267185,6,2012-02-01,167,1.8308046231944461,1.8232365959835617
2026-02-01,camelbak_water_bottle,CamelBak,0.00566452910851251,6,2012-02-01,168,1.8364691523029586,1.8289011250920741
2026-03-01,camelbak_water_bottle,CamelBak,0.005270191515443821,6,2012-02-01,169,1.8417393438184024,1.834171316607518
2026-04-01,camelbak_water_bottle,CamelBak,0.0046462063086104,6,2012-02-01,170,1.8463855501270128,1.8388175229161283
2026-05-01,camelbak_water_bottle,CamelBak,0.0039538816093160935,6,2012-02-01,171,1.8503394317363289,1.8427714045254444
2026-06-01,camelbak_water_bottle,CamelBak,0.007030140708462567,6,2012-02-01,172,1.8573695724447914,1.849801545233907
2018-06-01,frank_green_water_bottle,Frank Green,0.0,6,2020-06-01,-24,0.0,-0.005849753694581281
2018-07-01,frank_green_water_bottle,Frank Green,0.0,6,2020-06-01,-23,0.0,-0.005849753694581281
2018-08-01,frank_green_water_bottle,Frank Green,0.0,6,2020-06-01,-22,0.0,-0.005849753694581281
2018-09-01,frank_green_water_bottle,Frank Green,0.0,6,2020-06-01,-21,0.0,-0.005849753694581281
2018-10-01,frank_green_water_bottle,Frank Green,0.0,6,2020-06-01,-20,0.0,-0.005849753694581281
2018-11-01,frank_green_water_bottle,Frank Green,0.0,6,2020-06-01,-19,0.0,-0.005849753694581281
2018-12-01,frank_green_water_bottle,Frank Green,0.0,6,2020-06-01,-18,0.0,-0.005849753694581281
2019-01-01,frank_green_water_bottle,Frank Green,0.0,6,2020-06-01,-17,0.0,-0.005849753694581281
2019-02-01,frank_green_water_bottle,Frank Green,0.0,6,2020-06-01,-16,0.0,-0.005849753694581281
2019-03-01,frank_green_water_bottle,Frank Green,0.0,6,2020-06-01,-15,0.0,-0.005849753694581281
2019-04-01,frank_green_water_bottle,Frank Green,0.0,6,2020-06-01,-14,0.0,-0.005849753694581281
2019-05-01,frank_green_water_bottle,Frank Green,0.0,6,2020-06-01,-13,0.0,-0.005849753694581281
2019-06-01,frank_green_water_bottle,Frank Green,0.0,6,2020-06-01,-12,0.0,-0.005849753694581281
2019-07-01,frank_green_water_bottle,Frank Green,0.0,6,2020-06-01,-11,0.0,-0.005849753694581281
2019-08-01,frank_green_water_bottle,Frank Green,0.0,6,2020-06-01,-10,0.0,-0.005849753694581281
2019-09-01,frank_green_water_bottle,Frank Green,0.0,6,2020-06-01,-9,0.0,-0.005849753694581281
2019-10-01,frank_green_water_bottle,Frank Green,0.0,6,2020-06-01,-8,0.0,-0.005849753694581281
2019-11-01,frank_green_water_bottle,Frank Green,0.0,6,2020-06-01,-7,0.0,-0.005849753694581281
2019-12-01,frank_green_water_bottle,Frank Green,0.0,6,2020-06-01,-6,0.0,-0.005849753694581281
2020-01-01,frank_green_water_bottle,Frank Green,0.0,6,2020-06-01,-5,0.0,-0.005849753694581281
2020-02-01,frank_green_water_bottle,Frank Green,0.0,6,2020-06-01,-4,0.0,-0.005849753694581281
2020-03-01,frank_green_water_bottle,Frank Green,0.0,6,2020-06-01,-3,0.0,-0.005849753694581281
2020-04-01,frank_green_water_bottle,Frank Green,0.0,6,2020-06-01,-2,0.0,-0.005849753694581281
2020-05-01,frank_green_water_bottle,Frank Green,0.0,6,2020-06-01,-1,0.0,-0.005849753694581281
2020-06-01,frank_green_water_bottle,Frank Green,0.005849753694581281,6,2020-06-01,0,0.005849753694581281,0.0
2020-07-01,frank_green_water_bottle,Frank Green,0.0053819444444444435,6,2020-06-01,1,0.011231698139025723,0.005381944444444443
2020-08-01,frank_green_water_bottle,Frank Green,0.007895171957671957,6,2020-06-01,2,0.019126870096697682,0.013277116402116401
2020-09-01,frank_green_water_bottle,Frank Green,0.0024154589371980675,6,2020-06-01,3,0.02154232903389575,0.01569257533931447
2020-10-01,frank_green_water_bottle,Frank Green,0.004329004329004329,6,2020-06-01,4,0.025871333362900078,0.020021579668318797
2020-11-01,frank_green_water_bottle,Frank Green,0.0036630036630036626,6,2020-06-01,5,0.029534337025903742,0.02368458333132246
2020-12-01,frank_green_water_bottle,Frank Green,0.006472491909385113,6,2020-06-01,6,0.03600682893528885,0.03015707524070757
2021-01-01,frank_green_water_bottle,Frank Green,0.007309941520467837,6,2020-06-01,7,0.04331677045575669,0.037467016761175406
2021-02-01,frank_green_water_bottle,Frank Green,0.007936507936507938,6,2020-06-01,8,0.05125327839226462,0.04540352469768334
2021-03-01,frank_green_water_bottle,Frank Green,0.007246376811594203,6,2020-06-01,9,0.05849965520385883,0.05264990150927755
2021-04-01,frank_green_water_bottle,Frank Green,0.006493506493506493,6,2020-06-01,10,0.06499316169736533,0.059143408002784045
2021-05-01,frank_green_water_bottle,Frank Green,0.006666666666666667,6,2020-06-01,11,0.071659828364032,0.06581007466945071
2021-06-01,frank_green_water_bottle,Frank Green,0.006849315068493151,6,2020-06-01,12,0.07850914343252514,0.07265938973794386
2021-07-01,frank_green_water_bottle,Frank Green,0.006666666666666667,6,2020-06-01,13,0.08517581009919181,0.07932605640461053
2021-08-01,frank_green_water_bottle,Frank Green,0.006329113924050633,6,2020-06-01,14,0.09150492402324244,0.08565517032866116
2021-09-01,frank_green_water_bottle,Frank Green,0.007751937984496123,6,2020-06-01,15,0.09925686200773856,0.09340710831315728
2021-10-01,frank_green_water_bottle,Frank Green,0.009057971014492754,6,2020-06-01,16,0.10831483302223131,0.10246507932765003
2021-11-01,frank_green_water_bottle,Frank Green,0.015728715728715727,6,2020-06-01,17,0.12404354875094704,0.11819379505636576
2021-12-01,frank_green_water_bottle,Frank Green,0.02041585865115277,6,2020-06-01,18,0.1444594074020998,0.13860965370751854
2022-01-01,frank_green_water_bottle,Frank Green,0.027534748076445764,6,2020-06-01,19,0.17199415547854557,0.16614440178396428
2022-02-01,frank_green_water_bottle,Frank Green,0.04019049314580737,6,2020-06-01,20,0.21218464862435293,0.20633489492977164
2022-03-01,frank_green_water_bottle,Frank Green,0.05137310606060606,6,2020-06-01,21,0.263557754684959,0.2577080009903777
2022-04-01,frank_green_water_bottle,Frank Green,0.0600892304297256,6,2020-06-01,22,0.3236469851146846,0.3177972314201033
2022-05-01,frank_green_water_bottle,Frank Green,0.053714972610433585,6,2020-06-01,23,0.3773619577251182,0.3715122040305369
2022-06-01,frank_green_water_bottle,Frank Green,0.046862211862211865,6,2020-06-01,24,0.42422416958733006,0.41837441589274876
2022-07-01,frank_green_water_bottle,Frank Green,0.044875943905070124,6,2020-06-01,25,0.46910011349240016,0.46325035979781887
2022-08-01,frank_green_water_bottle,Frank Green,0.04691276642496154,6,2020-06-01,26,0.5160128799173618,0.5101631262227805
2022-09-01,frank_green_water_bottle,Frank Green,0.0488513453115223,6,2020-06-01,27,0.564864225228884,0.5590144715343027
2022-10-01,frank_green_water_bottle,Frank Green,0.05178907721280603,6,2020-06-01,28,0.61665330244169,0.6108035487471087
2022-11-01,frank_green_water_bottle,Frank Green,0.058381791104903234,6,2020-06-01,29,0.6750350935465933,0.669185339852012
2022-12-01,frank_green_water_bottle,Frank Green,0.06443725846493249,6,2020-06-01,30,0.7394723520115258,0.7336225983169445
2023-01-01,frank_green_water_bottle,Frank Green,0.0640500906998369,6,2020-06-01,31,0.8035224427113626,0.7976726890167813
2023-02-01,frank_green_water_bottle,Frank Green,0.06157944176060117,6,2020-06-01,32,0.8651018844719639,0.8592521307773826
2023-03-01,frank_green_water_bottle,Frank Green,0.06904392038993719,6,2020-06-01,33,0.934145804861901,0.9282960511673197
2023-04-01,frank_green_water_bottle,Frank Green,0.07333331641620246,6,2020-06-01,34,1.0074791212781036,1.0016293675835224
2023-05-01,frank_green_water_bottle,Frank Green,0.07667362856120659,6,2020-06-01,35,1.0841527498393102,1.078302996144729
2023-06-01,frank_green_water_bottle,Frank Green,0.06483299394966785,6,2020-06-01,36,1.1489857437889779,1.1431359900943967
2023-07-01,frank_green_water_bottle,Frank Green,0.05907094453316488,6,2020-06-01,37,1.2080566883221429,1.2022069346275617
2023-08-01,frank_green_water_bottle,Frank Green,0.055451327501403976,6,2020-06-01,38,1.2635080158235468,1.2576582621289656
2023-09-01,frank_green_water_bottle,Frank Green,0.05139944367024931,6,2020-06-01,39,1.3149074594937962,1.309057705799215
2023-10-01,frank_green_water_bottle,Frank Green,0.048898291621573164,6,2020-06-01,40,1.3638057511153692,1.357955997420788
2023-11-01,frank_green_water_bottle,Frank Green,0.04977608598298253,6,2020-06-01,41,1.4135818370983517,1.4077320834037705
2023-12-01,frank_green_water_bottle,Frank Green,0.05552646680298029,6,2020-06-01,42,1.4691083039013322,1.463258550206751
2024-01-01,frank_green_water_bottle,Frank Green,0.05693694751089117,6,2020-06-01,43,1.5260452514122234,1.5201954977176422
2024-02-01,frank_green_water_bottle,Frank Green,0.05470007246948307,6,2020-06-01,44,1.5807453238817064,1.5748955701871252
2024-03-01,frank_green_water_bottle,Frank Green,0.048349244855916136,6,2020-06-01,45,1.6290945687376224,1.6232448150430412
2024-04-01,frank_green_water_bottle,Frank Green,0.044785791393619295,6,2020-06-01,46,1.6738803601312418,1.6680306064366606
2024-05-01,frank_green_water_bottle,Frank Green,0.043667094168014224,6,2020-06-01,47,1.717547454299256,1.7116977006046747
2024-06-01,frank_green_water_bottle,Frank Green,0.04111821754445901,6,2020-06-01,48,1.758665671843715,1.7528159181491338
2024-07-01,frank_green_water_bottle,Frank Green,0.040076110746034226,6,2020-06-01,49,1.7987417825897491,1.792892028895168
2024-08-01,frank_green_water_bottle,Frank Green,0.038240846991582804,6,2020-06-01,50,1.836982629581332,1.8311328758867509
2024-09-01,frank_green_water_bottle,Frank Green,0.0348292864069443,6,2020-06-01,51,1.8718119159882762,1.865962162293695
2024-10-01,frank_green_water_bottle,Frank Green,0.03359074488541863,6,2020-06-01,52,1.905402660873695,1.8995529071791137
2024-11-01,frank_green_water_bottle,Frank Green,0.036676761868041245,6,2020-06-01,53,1.9420794227417362,1.936229669047155
2024-12-01,frank_green_water_bottle,Frank Green,0.03837000562565618,6,2020-06-01,54,1.9804494283673924,1.9745996746728112
2025-01-01,frank_green_water_bottle,Frank Green,0.038631182489817444,6,2020-06-01,55,2.01908061085721,2.0132308571626285
2025-02-01,frank_green_water_bottle,Frank Green,0.03581677782507923,6,2020-06-01,56,2.054897388682289,2.0490476349877076
2025-03-01,frank_green_water_bottle,Frank Green,0.03361365594841075,6,2020-06-01,57,2.0885110446307,2.0826612909361186
2025-04-01,frank_green_water_bottle,Frank Green,0.03338877067690627,6,2020-06-01,58,2.1218998153076063,2.116050061613025
2025-05-01,frank_green_water_bottle,Frank Green,0.03195639701663799,6,2020-06-01,59,2.153856212324244,2.1480064586296628
2025-06-01,frank_green_water_bottle,Frank Green,0.03125546751277745,6,2020-06-01,60,2.1851116798370214,2.17926192614244
2025-07-01,frank_green_water_bottle,Frank Green,0.02784215784215784,6,2020-06-01,61,2.2129538376791795,2.207104083984598
2025-08-01,frank_green_water_bottle,Frank Green,0.028720724224353983,6,2020-06-01,62,2.241674561903533,2.235824808208952
2025-09-01,frank_green_water_bottle,Frank Green,0.02835107614842705,6,2020-06-01,63,2.2700256380519606,2.264175884357379
2025-10-01,frank_green_water_bottle,Frank Green,0.02819423068805746,6,2020-06-01,64,2.2982198687400177,2.2923701150454363
2025-11-01,frank_green_water_bottle,Frank Green,0.0251628861003861,6,2020-06-01,65,2.323382754840404,2.3175330011458226
2025-12-01,frank_green_water_bottle,Frank Green,0.027590583820847264,6,2020-06-01,66,2.3509733386612512,2.34512358496667
2026-01-01,frank_green_water_bottle,Frank Green,0.02543704714019103,6,2020-06-01,67,2.3764103858014423,2.370560632106861
2026-02-01,frank_green_water_bottle,Frank Green,0.025725582972365074,6,2020-06-01,68,2.4021359687738073,2.396286215079226
2026-03-01,frank_green_water_bottle,Frank Green,0.0209149735736822,6,2020-06-01,69,2.4230509423474897,2.4172011886529083
2026-04-01,frank_green_water_bottle,Frank Green,0.02071325174365048,6,2020-06-01,70,2.44376419409114,2.4379144403965585
2026-05-01,frank_green_water_bottle,Frank Green,0.01747668566621706,6,2020-06-01,71,2.4612408797573573,2.455391126062776
2026-06-01,frank_green_water_bottle,Frank Green,0.01615581098339719,6,2020-06-01,72,2.477396690740754,2.4715469370461727
2016-08-01,hydro_flask_water_bottle,Hydro Flask,0.0070921985815602835,6,2018-08-01,-24,0.0070921985815602835,-0.01789293952763114
2016-09-01,hydro_flask_water_bottle,Hydro Flask,0.006535947712418301,6,2018-08-01,-23,0.013628146293978585,-0.011356991815212839
2016-10-01,hydro_flask_water_bottle,Hydro Flask,0.006289308176100628,6,2018-08-01,-22,0.019917454470079213,-0.005067683639112211
2016-11-01,hydro_flask_water_bottle,Hydro Flask,0.0,6,2018-08-01,-21,0.019917454470079213,-0.005067683639112211
2016-12-01,hydro_flask_water_bottle,Hydro Flask,0.0,6,2018-08-01,-20,0.019917454470079213,-0.005067683639112211
2017-01-01,hydro_flask_water_bottle,Hydro Flask,0.0,6,2018-08-01,-19,0.019917454470079213,-0.005067683639112211
2017-02-01,hydro_flask_water_bottle,Hydro Flask,0.0,6,2018-08-01,-18,0.019917454470079213,-0.005067683639112211
2017-03-01,hydro_flask_water_bottle,Hydro Flask,0.0,6,2018-08-01,-17,0.019917454470079213,-0.005067683639112211
2017-04-01,hydro_flask_water_bottle,Hydro Flask,0.0,6,2018-08-01,-16,0.019917454470079213,-0.005067683639112211
2017-05-01,hydro_flask_water_bottle,Hydro Flask,0.0,6,2018-08-01,-15,0.019917454470079213,-0.005067683639112211
2017-06-01,hydro_flask_water_bottle,Hydro Flask,0.0,6,2018-08-01,-14,0.019917454470079213,-0.005067683639112211
2017-07-01,hydro_flask_water_bottle,Hydro Flask,0.0,6,2018-08-01,-13,0.019917454470079213,-0.005067683639112211
2017-08-01,hydro_flask_water_bottle,Hydro Flask,0.0,6,2018-08-01,-12,0.019917454470079213,-0.005067683639112211
2017-09-01,hydro_flask_water_bottle,Hydro Flask,0.0,6,2018-08-01,-11,0.019917454470079213,-0.005067683639112211
2017-10-01,hydro_flask_water_bottle,Hydro Flask,0.0,6,2018-08-01,-10,0.019917454470079213,-0.005067683639112211
2017-11-01,hydro_flask_water_bottle,Hydro Flask,0.0,6,2018-08-01,-9,0.019917454470079213,-0.005067683639112211
2017-12-01,hydro_flask_water_bottle,Hydro Flask,0.0,6,2018-08-01,-8,0.019917454470079213,-0.005067683639112211
2018-01-01,hydro_flask_water_bottle,Hydro Flask,0.0,6,2018-08-01,-7,0.019917454470079213,-0.005067683639112211
2018-02-01,hydro_flask_water_bottle,Hydro Flask,0.0,6,2018-08-01,-6,0.019917454470079213,-0.005067683639112211
2018-03-01,hydro_flask_water_bottle,Hydro Flask,0.0,6,2018-08-01,-5,0.019917454470079213,-0.005067683639112211
2018-04-01,hydro_flask_water_bottle,Hydro Flask,0.0,6,2018-08-01,-4,0.019917454470079213,-0.005067683639112211
2018-05-01,hydro_flask_water_bottle,Hydro Flask,0.0,6,2018-08-01,-3,0.019917454470079213,-0.005067683639112211
2018-06-01,hydro_flask_water_bottle,Hydro Flask,0.0,6,2018-08-01,-2,0.019917454470079213,-0.005067683639112211
2018-07-01,hydro_flask_water_bottle,Hydro Flask,0.0017006802721088437,6,2018-08-01,-1,0.021618134742188058,-0.0033670033670033656
2018-08-01,hydro_flask_water_bottle,Hydro Flask,0.003367003367003367,6,2018-08-01,0,0.024985138109191424,0.0
2018-09-01,hydro_flask_water_bottle,Hydro Flask,0.0053191489361702135,6,2018-08-01,1,0.030304287045361637,0.0053191489361702135
2018-10-01,hydro_flask_water_bottle,Hydro Flask,0.00392156862745098,6,2018-08-01,2,0.03422585567281262,0.009240717563621194
2018-11-01,hydro_flask_water_bottle,Hydro Flask,0.004166666666666667,6,2018-08-01,3,0.03839252233947928,0.01340738423028786
2018-12-01,hydro_flask_water_bottle,Hydro Flask,0.003968253968253968,6,2018-08-01,4,0.04236077630773325,0.017375638198541828
2019-01-01,hydro_flask_water_bottle,Hydro Flask,0.005555555555555556,6,2018-08-01,5,0.04791633186328881,0.022931193754097384
2019-02-01,hydro_flask_water_bottle,Hydro Flask,0.0037037037037037034,6,2018-08-01,6,0.05162003556699251,0.026634897457801086
2019-03-01,hydro_flask_water_bottle,Hydro Flask,0.0037037037037037034,6,2018-08-01,7,0.05532373927069621,0.03033860116150479
2019-04-01,hydro_flask_water_bottle,Hydro Flask,0.003286520456585866,6,2018-08-01,8,0.05861025972728208,0.033625121618090656
2019-05-01,hydro_flask_water_bottle,Hydro Flask,0.005876894525208784,6,2018-08-01,9,0.06448715425249087,0.03950201614329944
2019-06-01,hydro_flask_water_bottle,Hydro Flask,0.005988882911959835,6,2018-08-01,10,0.0704760371644507,0.04549089905525927
2019-07-01,hydro_flask_water_bottle,Hydro Flask,0.007141122176341996,6,2018-08-01,11,0.07761715934079269,0.05263202123160127
2019-08-01,hydro_flask_water_bottle,Hydro Flask,0.007226716653512234,6,2018-08-01,12,0.08484387599430493,0.059858737885113505
2019-09-01,hydro_flask_water_bottle,Hydro Flask,0.008066581306017926,6,2018-08-01,13,0.09291045730032285,0.06792531919113143
2019-10-01,hydro_flask_water_bottle,Hydro Flask,0.010404095480431358,6,2018-08-01,14,0.10331455278075422,0.07832941467156279
2019-11-01,hydro_flask_water_bottle,Hydro Flask,0.011241217798594848,6,2018-08-01,15,0.11455577057934906,0.08957063247015763
2019-12-01,hydro_flask_water_bottle,Hydro Flask,0.010880788730840084,6,2018-08-01,16,0.12543655931018916,0.10045142120099773
2020-01-01,hydro_flask_water_bottle,Hydro Flask,0.008912037037037038,6,2018-08-01,17,0.13434859634722618,0.10936345823803476
2020-02-01,hydro_flask_water_bottle,Hydro Flask,0.008751675852822882,6,2018-08-01,18,0.14310027220004906,0.11811513409085764
2020-03-01,hydro_flask_water_bottle,Hydro Flask,0.00637800934243622,6,2018-08-01,19,0.1494782815424853,0.12449314343329387
2020-04-01,hydro_flask_water_bottle,Hydro Flask,0.003556454028152141,6,2018-08-01,20,0.15303473557063743,0.128049597461446
2020-05-01,hydro_flask_water_bottle,Hydro Flask,0.0015432098765432098,6,2018-08-01,21,0.15457794544718065,0.12959280733798922
2020-06-01,hydro_flask_water_bottle,Hydro Flask,0.0028248587570621464,6,2018-08-01,22,0.15740280420424277,0.13241766609505135
2020-07-01,hydro_flask_water_bottle,Hydro Flask,0.0037593984962406013,6,2018-08-01,23,0.16116220270048337,0.13617706459129195
2020-08-01,hydro_flask_water_bottle,Hydro Flask,0.0036496350364963507,6,2018-08-01,24,0.16481183773697974,0.13982669962778832
2020-09-01,hydro_flask_water_bottle,Hydro Flask,0.003787878787878788,6,2018-08-01,25,0.16859971652485853,0.1436145784156671
2020-10-01,hydro_flask_water_bottle,Hydro Flask,0.004132231404958677,6,2018-08-01,26,0.1727319479298172,0.14774680982062577
2020-11-01,hydro_flask_water_bottle,Hydro Flask,0.0045045045045045045,6,2018-08-01,27,0.1772364524343217,0.15225131432513028
2020-12-01,hydro_flask_water_bottle,Hydro Flask,0.004629629629629629,6,2018-08-01,28,0.18186608206395133,0.1568809439547599
2021-01-01,hydro_flask_water_bottle,Hydro Flask,0.0030303030303030303,6,2018-08-01,29,0.18489638509425435,0.15991124698506293
2021-02-01,hydro_flask_water_bottle,Hydro Flask,0.0015015015015015015,6,2018-08-01,30,0.18639788659575587,0.16141274848656445
2021-03-01,hydro_flask_water_bottle,Hydro Flask,0.0027287712732780895,6,2018-08-01,31,0.18912665786903396,0.16414151975984254
2021-04-01,hydro_flask_water_bottle,Hydro Flask,0.004190207156308851,6,2018-08-01,32,0.19331686502534282,0.1683317269161514
2021-05-01,hydro_flask_water_bottle,Hydro Flask,0.004139823431162014,6,2018-08-01,33,0.19745668845650483,0.1724715503473134
2021-06-01,hydro_flask_water_bottle,Hydro Flask,0.0024509803921568623,6,2018-08-01,34,0.19990766884866168,0.17492253073947026
2021-07-01,hydro_flask_water_bottle,Hydro Flask,0.003813341556172268,6,2018-08-01,35,0.20372101040483395,0.17873587229564253
2021-08-01,hydro_flask_water_bottle,Hydro Flask,0.006133482475764355,6,2018-08-01,36,0.2098544928805983,0.18486935477140687
2021-09-01,hydro_flask_water_bottle,Hydro Flask,0.006446125151161122,6,2018-08-01,37,0.21630061803175943,0.191315479922568
2021-10-01,hydro_flask_water_bottle,Hydro Flask,0.004113031315932959,6,2018-08-01,38,0.2204136493476924,0.19542851123850097
2021-11-01,hydro_flask_water_bottle,Hydro Flask,0.002754820936639118,6,2018-08-01,39,0.2231684702843315,0.1981833321751401
2021-12-01,hydro_flask_water_bottle,Hydro Flask,0.0027100271002710023,6,2018-08-01,40,0.2258784973846025,0.20089335927541108
2022-01-01,hydro_flask_water_bottle,Hydro Flask,0.004673807205452775,6,2018-08-01,41,0.23055230459005527,0.20556716648086384
2022-02-01,hydro_flask_water_bottle,Hydro Flask,0.0033448562832085016,6,2018-08-01,42,0.2338971608732638,0.20891202276407236
2022-03-01,hydro_flask_water_bottle,Hydro Flask,0.004329004329004329,6,2018-08-01,43,0.2382261652022681,0.21324102709307668
2022-04-01,hydro_flask_water_bottle,Hydro Flask,0.0037660124250920887,6,2018-08-01,44,0.2419921776273602,0.21700703951816877
2022-05-01,hydro_flask_water_bottle,Hydro Flask,0.004851256995339327,6,2018-08-01,45,0.24684343462269953,0.2218582965135081
2022-06-01,hydro_flask_water_bottle,Hydro Flask,0.0029239766081871343,6,2018-08-01,46,0.24976741123088667,0.22478227312169524
2022-07-01,hydro_flask_water_bottle,Hydro Flask,0.00384557945041816,6,2018-08-01,47,0.25361299068130483,0.2286278525721134
2022-08-01,hydro_flask_water_bottle,Hydro Flask,0.004722222222222222,6,2018-08-01,48,0.25833521290352707,0.23335007479433564
2022-09-01,hydro_flask_water_bottle,Hydro Flask,0.004770667211885776,6,2018-08-01,49,0.2631058801154128,0.23812074200622138
2022-10-01,hydro_flask_water_bottle,Hydro Flask,0.006376631336073257,6,2018-08-01,50,0.26948251145148605,0.24449737334229463
2022-11-01,hydro_flask_water_bottle,Hydro Flask,0.008454380181274708,6,2018-08-01,51,0.2779368916327608,0.25295175352356936
2022-12-01,hydro_flask_water_bottle,Hydro Flask,0.009100983358173602,6,2018-08-01,52,0.28703787499093436,0.2620527368817429
2023-01-01,hydro_flask_water_bottle,Hydro Flask,0.0067487334662907185,6,2018-08-01,53,0.2937866084572251,0.2688014703480337
2023-02-01,hydro_flask_water_bottle,Hydro Flask,0.003948785449323921,6,2018-08-01,54,0.297735393906549,0.27275025579735757
2023-03-01,hydro_flask_water_bottle,Hydro Flask,0.0035932764359160297,6,2018-08-01,55,0.3013286703424651,0.2763435322332737
2023-04-01,hydro_flask_water_bottle,Hydro Flask,0.0038318017265385686,6,2018-08-01,56,0.3051604720690036,0.2801753339598122
2023-05-01,hydro_flask_water_bottle,Hydro Flask,0.0037509207320528073,6,2018-08-01,57,0.30891139280105645,0.28392625469186505
2023-06-01,hydro_flask_water_bottle,Hydro Flask,0.0026041666666666665,6,2018-08-01,58,0.3115155594677231,0.2865304213585317
2023-07-01,hydro_flask_water_bottle,Hydro Flask,0.0035094355482704997,6,2018-08-01,59,0.31502499501599357,0.2900398569068021
2023-08-01,hydro_flask_water_bottle,Hydro Flask,0.006808395831963053,6,2018-08-01,60,0.32183339084795665,0.29684825273876525
2023-09-01,hydro_flask_water_bottle,Hydro Flask,0.006699858815653113,6,2018-08-01,61,0.32853324966360975,0.3035481115544183
2023-10-01,hydro_flask_water_bottle,Hydro Flask,0.005012853535500023,6,2018-08-01,62,0.33354610319910977,0.30856096508991837
2023-11-01,hydro_flask_water_bottle,Hydro Flask,0.001564945226917058,6,2018-08-01,63,0.33511104842602685,0.31012591031683545
2023-12-01,hydro_flask_water_bottle,Hydro Flask,0.0022294637888144613,6,2018-08-01,64,0.3373405122148413,0.31235537410564984
2024-01-01,hydro_flask_water_bottle,Hydro Flask,0.0026586985391766267,6,2018-08-01,65,0.33999921075401796,0.3150140726448265
2024-02-01,hydro_flask_water_bottle,Hydro Flask,0.002761431040119565,6,2018-08-01,66,0.3427606417941375,0.3177755036849461
2024-03-01,hydro_flask_water_bottle,Hydro Flask,0.0021645021645021645,6,2018-08-01,67,0.34492514395863966,0.31994000584944826
2024-04-01,hydro_flask_water_bottle,Hydro Flask,0.00228310502283105,6,2018-08-01,68,0.34720824898147074,0.3222231108722793
2024-05-01,hydro_flask_water_bottle,Hydro Flask,0.002242152466367713,6,2018-08-01,69,0.3494504014478384,0.324465263338647
2024-06-01,hydro_flask_water_bottle,Hydro Flask,0.0021645021645021645,6,2018-08-01,70,0.3516149036123406,0.32662976550314915
2024-07-01,hydro_flask_water_bottle,Hydro Flask,0.0020661157024793385,6,2018-08-01,71,0.35368101931481993,0.32869588120562854
2024-08-01,hydro_flask_water_bottle,Hydro Flask,0.0019305019305019308,6,2018-08-01,72,0.35561152124532186,0.33062638313613046
2024-09-01,hydro_flask_water_bottle,Hydro Flask,0.0019011406844106462,6,2018-08-01,73,0.3575126619297325,0.33252752382054107
2024-10-01,hydro_flask_water_bottle,Hydro Flask,0.0020325203252032522,6,2018-08-01,74,0.35954518225493576,0.33456004414574436
2024-11-01,hydro_flask_water_bottle,Hydro Flask,0.002155172413793104,6,2018-08-01,75,0.36170035466872885,0.3367152165595374
2024-12-01,hydro_flask_water_bottle,Hydro Flask,0.002074688796680498,6,2018-08-01,76,0.36377504346540934,0.3387899053562179
2025-01-01,hydro_flask_water_bottle,Hydro Flask,0.002631087308506663,6,2018-08-01,77,0.36640613077391604,0.3414209926647246
2025-02-01,hydro_flask_water_bottle,Hydro Flask,0.002772302336572489,6,2018-08-01,78,0.36917843311048854,0.34419329500129714
2025-03-01,hydro_flask_water_bottle,Hydro Flask,0.0031666704186458353,6,2018-08-01,79,0.37234510352913436,0.34735996541994296
2025-04-01,hydro_flask_water_bottle,Hydro Flask,0.0015432098765432098,6,2018-08-01,80,0.3738883134056776,0.3489031752964862
2025-05-01,hydro_flask_water_bottle,Hydro Flask,0.0014947683109118087,6,2018-08-01,81,0.37538308171658935,0.35039794360739795
2025-06-01,hydro_flask_water_bottle,Hydro Flask,0.0014492753623188404,6,2018-08-01,82,0.3768323570789082,0.3518472189697168
2025-07-01,hydro_flask_water_bottle,Hydro Flask,0.001953125,6,2018-08-01,83,0.3787854820789082,0.3538003439697168
2025-08-01,hydro_flask_water_bottle,Hydro Flask,0.0017985611510791366,6,2018-08-01,84,0.38058404322998735,0.35559890512079595
2025-09-01,hydro_flask_water_bottle,Hydro Flask,0.0017985611510791366,6,2018-08-01,85,0.38238260438106647,0.3573974662718751
2025-10-01,hydro_flask_water_bottle,Hydro Flask,0.0013386880856760374,6,2018-08-01,86,0.3837212924667425,0.35873615435755113
2025-11-01,hydro_flask_water_bottle,Hydro Flask,0.002369359008865725,6,2018-08-01,87,0.3860906514756082,0.36110551336641683
2025-12-01,hydro_flask_water_bottle,Hydro Flask,0.002926175338684646,6,2018-08-01,88,0.3890168268142929,0.3640316887051015
2026-01-01,hydro_flask_water_bottle,Hydro Flask,0.002788346872807212,6,2018-08-01,89,0.3918051736871001,0.36682003557790865
2026-02-01,hydro_flask_water_bottle,Hydro Flask,0.0019307203052132016,6,2018-08-01,90,0.3937358939923133,0.3687507558831219
2026-03-01,hydro_flask_water_bottle,Hydro Flask,0.002178108629721533,6,2018-08-01,91,0.39591400262203486,0.37092886451284346
2026-04-01,hydro_flask_water_bottle,Hydro Flask,0.003321934538348803,6,2018-08-01,92,0.39923593716038364,0.3742507990511922
2026-05-01,hydro_flask_water_bottle,Hydro Flask,0.0037961735722929755,6,2018-08-01,93,0.4030321107326766,0.3780469726234852
2026-06-01,hydro_flask_water_bottle,Hydro Flask,0.0036429993364299937,6,2018-08-01,94,0.4066751100691066,0.38168997195991516
2020-08-01,owala_water_bottle,Owala,0.0,6,2022-08-01,-24,0.0,-0.01106146078000878
2020-09-01,owala_water_bottle,Owala,0.0,6,2022-08-01,-23,0.0,-0.01106146078000878
2020-10-01,owala_water_bottle,Owala,0.0,6,2022-08-01,-22,0.0,-0.01106146078000878
2020-11-01,owala_water_bottle,Owala,0.0,6,2022-08-01,-21,0.0,-0.01106146078000878
2020-12-01,owala_water_bottle,Owala,0.0,6,2022-08-01,-20,0.0,-0.01106146078000878
2021-01-01,owala_water_bottle,Owala,0.0,6,2022-08-01,-19,0.0,-0.01106146078000878
2021-02-01,owala_water_bottle,Owala,0.0,6,2022-08-01,-18,0.0,-0.01106146078000878
2021-03-01,owala_water_bottle,Owala,0.0,6,2022-08-01,-17,0.0,-0.01106146078000878
2021-04-01,owala_water_bottle,Owala,0.0,6,2022-08-01,-16,0.0,-0.01106146078000878
2021-05-01,owala_water_bottle,Owala,0.0,6,2022-08-01,-15,0.0,-0.01106146078000878
2021-06-01,owala_water_bottle,Owala,0.0,6,2022-08-01,-14,0.0,-0.01106146078000878
2021-07-01,owala_water_bottle,Owala,0.0,6,2022-08-01,-13,0.0,-0.01106146078000878
2021-08-01,owala_water_bottle,Owala,0.0,6,2022-08-01,-12,0.0,-0.01106146078000878
2021-09-01,owala_water_bottle,Owala,0.0,6,2022-08-01,-11,0.0,-0.01106146078000878
2021-10-01,owala_water_bottle,Owala,0.0,6,2022-08-01,-10,0.0,-0.01106146078000878
2021-11-01,owala_water_bottle,Owala,0.0,6,2022-08-01,-9,0.0,-0.01106146078000878
2021-12-01,owala_water_bottle,Owala,0.0,6,2022-08-01,-8,0.0,-0.01106146078000878
2022-01-01,owala_water_bottle,Owala,0.0,6,2022-08-01,-7,0.0,-0.01106146078000878
2022-02-01,owala_water_bottle,Owala,0.0,6,2022-08-01,-6,0.0,-0.01106146078000878
2022-03-01,owala_water_bottle,Owala,0.0014749262536873156,6,2022-08-01,-5,0.0014749262536873156,-0.009586534526321465
2022-04-01,owala_water_bottle,Owala,0.0014005602240896359,6,2022-08-01,-4,0.0028754864777769517,-0.008185974302231828
2022-05-01,owala_water_bottle,Owala,0.0013123359580052493,6,2022-08-01,-3,0.004187822435782201,-0.006873638344226579
2022-06-01,owala_water_bottle,Owala,0.0012254901960784311,6,2022-08-01,-2,0.0054133126318606315,-0.005648148148148149
2022-07-01,owala_water_bottle,Owala,0.0023148148148148147,6,2022-08-01,-1,0.007728127446675446,-0.003333333333333334
2022-08-01,owala_water_bottle,Owala,0.0033333333333333335,6,2022-08-01,0,0.01106146078000878,0.0
2022-09-01,owala_water_bottle,Owala,0.0034246575342465756,6,2022-08-01,1,0.014486118314255355,0.003424657534246575
2022-10-01,owala_water_bottle,Owala,0.00373134328358209,6,2022-08-01,2,0.018217461597837447,0.007156000817828667
2022-11-01,owala_water_bottle,Owala,0.0040650406504065045,6,2022-08-01,3,0.02228250224824395,0.011221041468235169
2022-12-01,owala_water_bottle,Owala,0.004032258064516129,6,2022-08-01,4,0.02631476031276008,0.015253299532751301
2023-01-01,owala_water_bottle,Owala,0.006890860325974829,6,2022-08-01,5,0.03320562063873491,0.02214415985872613
2023-02-01,owala_water_bottle,Owala,0.008814965497985721,6,2022-08-01,6,0.042020586136720633,0.03095912535671185
2023-03-01,owala_water_bottle,Owala,0.010909380474597866,6,2022-08-01,7,0.0529299666113185,0.041868505831309716
2023-04-01,owala_water_bottle,Owala,0.009949341438703142,6,2022-08-01,8,0.06287930805002163,0.05181784727001285
2023-05-01,owala_water_bottle,Owala,0.009647147147147147,6,2022-08-01,9,0.07252645519716878,0.06146499441716
2023-06-01,owala_water_bottle,Owala,0.00940688775510204,6,2022-08-01,10,0.08193334295227082,0.07087188217226205
2023-07-01,owala_water_bottle,Owala,0.00972975244819905,6,2022-08-01,11,0.09166309540046988,0.0806016346204611
2023-08-01,owala_water_bottle,Owala,0.014543738611593249,6,2022-08-01,12,0.10620683401206313,0.09514537323205435
2023-09-01,owala_water_bottle,Owala,0.01703334798997326,6,2022-08-01,13,0.12324018200203639,0.11217872122202761
2023-10-01,owala_water_bottle,Owala,0.019949515191809264,6,2022-08-01,14,0.14318969719384564,0.13212823641383686
2023-11-01,owala_water_bottle,Owala,0.025241496638930865,6,2022-08-01,15,0.16843119383277652,0.15736973305276775
2023-12-01,owala_water_bottle,Owala,0.030525511742321227,6,2022-08-01,16,0.19895670557509773,0.18789524479508896
2024-01-01,owala_water_bottle,Owala,0.040488106444413294,6,2022-08-01,17,0.23944481201951104,0.22838335123950226
2024-02-01,owala_water_bottle,Owala,0.046001881787651515,6,2022-08-01,18,0.28544669380716253,0.27438523302715373
2024-03-01,owala_water_bottle,Owala,0.04920203193232508,6,2022-08-01,19,0.3346487257394876,0.3235872649594788
2024-04-01,owala_water_bottle,Owala,0.05057499436384814,6,2022-08-01,20,0.3852237201033358,0.374162259323327
2024-05-01,owala_water_bottle,Owala,0.0484227947285514,6,2022-08-01,21,0.43364651483188715,0.42258505405187835
2024-06-01,owala_water_bottle,Owala,0.05187336234774901,6,2022-08-01,22,0.4855198771796362,0.4744584163996274
2024-07-01,owala_water_bottle,Owala,0.05611042012538476,6,2022-08-01,23,0.5416302973050209,0.5305688365250121
2024-08-01,owala_water_bottle,Owala,0.07097577115387964,6,2022-08-01,24,0.6126060684589005,0.6015446076788917
2024-09-01,owala_water_bottle,Owala,0.0768224600614834,6,2022-08-01,25,0.6894285285203839,0.6783670677403751
2024-10-01,owala_water_bottle,Owala,0.07914845295520742,6,2022-08-01,26,0.7685769814755914,0.7575155206955826
2024-11-01,owala_water_bottle,Owala,0.078218747711923,6,2022-08-01,27,0.8467957291875143,0.8357342684075055
2024-12-01,owala_water_bottle,Owala,0.08652896019338102,6,2022-08-01,28,0.9333246893808954,0.9222632286008866
2025-01-01,owala_water_bottle,Owala,0.08753047352948111,6,2022-08-01,29,1.0208551629103766,1.0097937021303678
2025-02-01,owala_water_bottle,Owala,0.08135125286490719,6,2022-08-01,30,1.1022064157752838,1.091144954995275
2025-03-01,owala_water_bottle,Owala,0.07056300534998378,6,2022-08-01,31,1.1727694211252675,1.1617079603452587
2025-04-01,owala_water_bottle,Owala,0.07061802157956004,6,2022-08-01,32,1.2433874427048275,1.2323259819248187
2025-05-01,owala_water_bottle,Owala,0.07361563792483176,6,2022-08-01,33,1.3170030806296593,1.3059416198496505
2025-06-01,owala_water_bottle,Owala,0.07212730133656318,6,2022-08-01,34,1.3891303819662224,1.3780689211862136
2025-07-01,owala_water_bottle,Owala,0.07554818607774273,6,2022-08-01,35,1.4646785680439651,1.4536171072639563
2025-08-01,owala_water_bottle,Owala,0.08325840370634353,6,2022-08-01,36,1.5479369717503086,1.5368755109702998
2025-09-01,owala_water_bottle,Owala,0.09620350371543634,6,2022-08-01,37,1.6441404754657452,1.6330790146857364
2025-10-01,owala_water_bottle,Owala,0.09795836246840427,6,2022-08-01,38,1.7420988379341493,1.7310373771541405
2025-11-01,owala_water_bottle,Owala,0.11054288918229956,6,2022-08-01,39,1.8526417271164488,1.84158026633644
2025-12-01,owala_water_bottle,Owala,0.12087044283526127,6,2022-08-01,40,1.9735121699517102,1.9624507091717014
2026-01-01,owala_water_bottle,Owala,0.12246086682237318,6,2022-08-01,41,2.095973036774083,2.0849115759940746
2026-02-01,owala_water_bottle,Owala,0.1072009684451627,6,2022-08-01,42,2.203174005219246,2.1921125444392375
2026-03-01,owala_water_bottle,Owala,0.09360437394575567,6,2022-08-01,43,2.296778379165002,2.2857169183849932
2026-04-01,owala_water_bottle,Owala,0.08897108447846835,6,2022-08-01,44,2.38574946364347,2.3746880028634614
2026-05-01,owala_water_bottle,Owala,0.08655810475272968,6,2022-08-01,45,2.4723075683961997,2.461246107616191
2026-06-01,owala_water_bottle,Owala,0.08284860284179152,6,2022-08-01,46,2.555156171237991,2.5440947104579825
2020-09-01,stanley_water_bottle,Stanley,0.0,6,2022-09-01,-24,0.0,-0.009710474573816337
2020-10-01,stanley_water_bottle,Stanley,0.0,6,2022-09-01,-23,0.0,-0.009710474573816337
2020-11-01,stanley_water_bottle,Stanley,0.0,6,2022-09-01,-22,0.0,-0.009710474573816337
2020-12-01,stanley_water_bottle,Stanley,0.0,6,2022-09-01,-21,0.0,-0.009710474573816337
2021-01-01,stanley_water_bottle,Stanley,0.0,6,2022-09-01,-20,0.0,-0.009710474573816337
2021-02-01,stanley_water_bottle,Stanley,0.0,6,2022-09-01,-19,0.0,-0.009710474573816337
2021-03-01,stanley_water_bottle,Stanley,0.0,6,2022-09-01,-18,0.0,-0.009710474573816337
2021-04-01,stanley_water_bottle,Stanley,0.0,6,2022-09-01,-17,0.0,-0.009710474573816337
2021-05-01,stanley_water_bottle,Stanley,0.0,6,2022-09-01,-16,0.0,-0.009710474573816337
2021-06-01,stanley_water_bottle,Stanley,0.0,6,2022-09-01,-15,0.0,-0.009710474573816337
2021-07-01,stanley_water_bottle,Stanley,0.0,6,2022-09-01,-14,0.0,-0.009710474573816337
2021-08-01,stanley_water_bottle,Stanley,0.0,6,2022-09-01,-13,0.0,-0.009710474573816337
2021-09-01,stanley_water_bottle,Stanley,0.0,6,2022-09-01,-12,0.0,-0.009710474573816337
2021-10-01,stanley_water_bottle,Stanley,0.0,6,2022-09-01,-11,0.0,-0.009710474573816337
2021-11-01,stanley_water_bottle,Stanley,0.0014749262536873156,6,2022-09-01,-10,0.0014749262536873156,-0.008235548320129021
2021-12-01,stanley_water_bottle,Stanley,0.0012531328320802004,6,2022-09-01,-9,0.002728059085767516,-0.006982415488048821
2022-01-01,stanley_water_bottle,Stanley,0.0010964912280701754,6,2022-09-01,-8,0.0038245503138376914,-0.005885924259978645
2022-02-01,stanley_water_bottle,Stanley,0.0,6,2022-09-01,-7,0.0038245503138376914,-0.005885924259978645
2022-03-01,stanley_water_bottle,Stanley,0.0,6,2022-09-01,-6,0.0038245503138376914,-0.005885924259978645
2022-04-01,stanley_water_bottle,Stanley,0.0,6,2022-09-01,-5,0.0038245503138376914,-0.005885924259978645
2022-05-01,stanley_water_bottle,Stanley,0.0,6,2022-09-01,-4,0.0038245503138376914,-0.005885924259978645
2022-06-01,stanley_water_bottle,Stanley,0.0,6,2022-09-01,-3,0.0038245503138376914,-0.005885924259978645
2022-07-01,stanley_water_bottle,Stanley,0.0,6,2022-09-01,-2,0.0038245503138376914,-0.005885924259978645
2022-08-01,stanley_water_bottle,Stanley,0.0019444444444444442,6,2022-09-01,-1,0.005768994758282135,-0.003941479815534201
2022-09-01,stanley_water_bottle,Stanley,0.003941479815534201,6,2022-09-01,0,0.009710474573816337,0.0
2022-10-01,stanley_water_bottle,Stanley,0.005204953493402552,6,2022-09-01,1,0.014915428067218888,0.0052049534934025515
2022-11-01,stanley_water_bottle,Stanley,0.006684867144529433,6,2022-09-01,2,0.021600295211748322,0.011889820637931986
2022-12-01,stanley_water_bottle,Stanley,0.008283110235054809,6,2022-09-01,3,0.02988340544680313,0.020172930872986793
2023-01-01,stanley_water_bottle,Stanley,0.012127933884196357,6,2022-09-01,4,0.042011339330999486,0.03230086475718315
2023-02-01,stanley_water_bottle,Stanley,0.014713412734273816,6,2022-09-01,5,0.056724752065273304,0.047014277491456966
2023-03-01,stanley_water_bottle,Stanley,0.01541520531098734,6,2022-09-01,6,0.07213995737626064,0.0624294828024443
2023-04-01,stanley_water_bottle,Stanley,0.015369074989049167,6,2022-09-01,7,0.08750903236530981,0.07779855779149347
2023-05-01,stanley_water_bottle,Stanley,0.014680375366543411,6,2022-09-01,8,0.10218940773185323,0.09247893315803689
2023-06-01,stanley_water_bottle,Stanley,0.015827883430603217,6,2022-09-01,9,0.11801729116245643,0.1083068165886401
2023-07-01,stanley_water_bottle,Stanley,0.015077187176596209,6,2022-09-01,10,0.13309447833905264,0.1233840037652363
2023-08-01,stanley_water_bottle,Stanley,0.01751779261945495,6,2022-09-01,11,0.1506122709585076,0.14090179638469127
2023-09-01,stanley_water_bottle,Stanley,0.022015529245136296,6,2022-09-01,12,0.1726278002036439,0.16291732562982758
2023-10-01,stanley_water_bottle,Stanley,0.025898363766373455,6,2022-09-01,13,0.19852616397001735,0.18881568939620103
2023-11-01,stanley_water_bottle,Stanley,0.030498034025570827,6,2022-09-01,14,0.22902419799558818,0.21931372342177186
2023-12-01,stanley_water_bottle,Stanley,0.0343964637685596,6,2022-09-01,15,0.2634206617641478,0.25371018719033145
2024-01-01,stanley_water_bottle,Stanley,0.039830336312408024,6,2022-09-01,16,0.3032509980765558,0.29354052350273946
2024-02-01,stanley_water_bottle,Stanley,0.03962947581839894,6,2022-09-01,17,0.34288047389495474,0.3331699993211384
2024-03-01,stanley_water_bottle,Stanley,0.035628171034889786,6,2022-09-01,18,0.37850864492984454,0.3687981703560282
2024-04-01,stanley_water_bottle,Stanley,0.028280337888733492,6,2022-09-01,19,0.406788982818578,0.39707850824476165
2024-05-01,stanley_water_bottle,Stanley,0.023755765158904863,6,2022-09-01,20,0.4305447479774829,0.4208342734036665
2024-06-01,stanley_water_bottle,Stanley,0.023630653871733576,6,2022-09-01,21,0.45417540184921645,0.4444649272754001
2024-07-01,stanley_water_bottle,Stanley,0.02516261578106509,6,2022-09-01,22,0.47933801763028155,0.4696275430564652
2024-08-01,stanley_water_bottle,Stanley,0.02689097476653989,6,2022-09-01,23,0.5062289923968214,0.49651851782300505
2024-09-01,stanley_water_bottle,Stanley,0.026755951792699375,6,2022-09-01,24,0.5329849441895208,0.5232744696157045
2024-10-01,stanley_water_bottle,Stanley,0.02718774184316675,6,2022-09-01,25,0.5601726860326876,0.5504622114588712
2024-11-01,stanley_water_bottle,Stanley,0.029603028131904657,6,2022-09-01,26,0.5897757141645922,0.5800652395907758
2024-12-01,stanley_water_bottle,Stanley,0.0329758135357077,6,2022-09-01,27,0.6227515277003,0.6130410531264836
2025-01-01,stanley_water_bottle,Stanley,0.03391715062484159,6,2022-09-01,28,0.6566686783251415,0.6469582037513252
2025-02-01,stanley_water_bottle,Stanley,0.03330796398062542,6,2022-09-01,29,0.6899766423057669,0.6802661677319506
2025-03-01,stanley_water_bottle,Stanley,0.032274477559469016,6,2022-09-01,30,0.7222511198652359,0.7125406452914196
2025-04-01,stanley_water_bottle,Stanley,0.030246623035084574,6,2022-09-01,31,0.7524977429003206,0.7427872683265042
2025-05-01,stanley_water_bottle,Stanley,0.0301252803474665,6,2022-09-01,32,0.782623023247787,0.7729125486739706
2025-06-01,stanley_water_bottle,Stanley,0.027878932204481944,6,2022-09-01,33,0.810501955452269,0.8007914808784526
2025-07-01,stanley_water_bottle,Stanley,0.027286724248315995,6,2022-09-01,34,0.8377886797005849,0.8280782051267686
2025-08-01,stanley_water_bottle,Stanley,0.02452297808622686,6,2022-09-01,35,0.8623116577868118,0.8526011832129955
2025-09-01,stanley_water_bottle,Stanley,0.026321044204688365,6,2022-09-01,36,0.8886327019915001,0.8789222274176838
2025-10-01,stanley_water_bottle,Stanley,0.026837669899627214,6,2022-09-01,37,0.9154703718911273,0.905759897317311
2025-11-01,stanley_water_bottle,Stanley,0.03160312380782817,6,2022-09-01,38,0.9470734956989556,0.9373630211251393
2025-12-01,stanley_water_bottle,Stanley,0.034763876112962035,6,2022-09-01,39,0.9818373718119175,0.9721268972381012
2026-01-01,stanley_water_bottle,Stanley,0.03623391294303102,6,2022-09-01,40,1.0180712847549487,1.0083608101811323
2026-02-01,stanley_water_bottle,Stanley,0.03205304215784941,6,2022-09-01,41,1.050124326912798,1.0404138523389816
2026-03-01,stanley_water_bottle,Stanley,0.02869222215547806,6,2022-09-01,42,1.0788165490682762,1.0691060744944598
2026-04-01,stanley_water_bottle,Stanley,0.028126735284198633,6,2022-09-01,43,1.1069432843524747,1.0972328097786583
2026-05-01,stanley_water_bottle,Stanley,0.029060222791414247,6,2022-09-01,44,1.136003507143889,1.1262930325700726
2026-06-01,stanley_water_bottle,Stanley,0.02713107373215548,6,2022-09-01,45,1.1631345808760445,1.1534241063022281
2016-08-01,yeti_water_bottle,Yeti,0.0,6,2018-08-01,-24,0.0,-0.036220250107178754
2016-09-01,yeti_water_bottle,Yeti,0.0,6,2018-08-01,-23,0.0,-0.036220250107178754
2016-10-01,yeti_water_bottle,Yeti,0.0,6,2018-08-01,-22,0.0,-0.036220250107178754
2016-11-01,yeti_water_bottle,Yeti,0.0,6,2018-08-01,-21,0.0,-0.036220250107178754
2016-12-01,yeti_water_bottle,Yeti,0.0,6,2018-08-01,-20,0.0,-0.036220250107178754
2017-01-01,yeti_water_bottle,Yeti,0.0,6,2018-08-01,-19,0.0,-0.036220250107178754
2017-02-01,yeti_water_bottle,Yeti,0.0,6,2018-08-01,-18,0.0,-0.036220250107178754
2017-03-01,yeti_water_bottle,Yeti,0.0,6,2018-08-01,-17,0.0,-0.036220250107178754
2017-04-01,yeti_water_bottle,Yeti,0.0,6,2018-08-01,-16,0.0,-0.036220250107178754
2017-05-01,yeti_water_bottle,Yeti,0.0,6,2018-08-01,-15,0.0,-0.036220250107178754
2017-06-01,yeti_water_bottle,Yeti,0.0,6,2018-08-01,-14,0.0,-0.036220250107178754
2017-07-01,yeti_water_bottle,Yeti,0.0,6,2018-08-01,-13,0.0,-0.036220250107178754
2017-08-01,yeti_water_bottle,Yeti,0.0,6,2018-08-01,-12,0.0,-0.036220250107178754
2017-09-01,yeti_water_bottle,Yeti,0.0,6,2018-08-01,-11,0.0,-0.036220250107178754
2017-10-01,yeti_water_bottle,Yeti,0.0070921985815602835,6,2018-08-01,-10,0.0070921985815602835,-0.02912805152561847
2017-11-01,yeti_water_bottle,Yeti,0.006410256410256411,6,2018-08-01,-9,0.013502454991816695,-0.02271779511536206
2017-12-01,yeti_water_bottle,Yeti,0.0070076447033127045,6,2018-08-01,-8,0.0205100996951294,-0.015710150412049356
2018-01-01,yeti_water_bottle,Yeti,0.0019157088122605363,6,2018-08-01,-7,0.022425808507389934,-0.01379444159978882
2018-02-01,yeti_water_bottle,Yeti,0.0019379844961240308,6,2018-08-01,-6,0.024363793003513965,-0.01185645710366479
2018-03-01,yeti_water_bottle,Yeti,0.0,6,2018-08-01,-5,0.024363793003513965,-0.01185645710366479
2018-04-01,yeti_water_bottle,Yeti,0.0,6,2018-08-01,-4,0.024363793003513965,-0.01185645710366479
2018-05-01,yeti_water_bottle,Yeti,0.0,6,2018-08-01,-3,0.024363793003513965,-0.01185645710366479
2018-06-01,yeti_water_bottle,Yeti,0.0,6,2018-08-01,-2,0.024363793003513965,-0.01185645710366479
2018-07-01,yeti_water_bottle,Yeti,0.0017006802721088437,6,2018-08-01,-1,0.02606447327562281,-0.010155776831555944
2018-08-01,yeti_water_bottle,Yeti,0.010155776831555946,6,2018-08-01,0,0.036220250107178754,0.0
2018-09-01,yeti_water_bottle,Yeti,0.011999043116064393,6,2018-08-01,1,0.04821929322324315,0.011999043116064395
2018-10-01,yeti_water_bottle,Yeti,0.010901201016919437,6,2018-08-01,2,0.05912049424016259,0.022900244132983832
2018-11-01,yeti_water_bottle,Yeti,0.0020833333333333333,6,2018-08-01,3,0.06120382757349592,0.024983577466317165
2018-12-01,yeti_water_bottle,Yeti,0.0035131789718945683,6,2018-08-01,4,0.06471700654539049,0.028496756438211736
2019-01-01,yeti_water_bottle,Yeti,0.0032524120759414876,6,2018-08-01,5,0.06796941862133198,0.03174916851415322
2019-02-01,yeti_water_bottle,Yeti,0.0032524120759414876,6,2018-08-01,6,0.07122183069727346,0.03500158059009471
2019-03-01,yeti_water_bottle,Yeti,0.0,6,2018-08-01,7,0.07122183069727346,0.03500158059009471
2019-04-01,yeti_water_bottle,Yeti,0.0,6,2018-08-01,8,0.07122183069727346,0.03500158059009471
2019-05-01,yeti_water_bottle,Yeti,0.002938447262604392,6,2018-08-01,9,0.07416027795987785,0.0379400278526991
2019-06-01,yeti_water_bottle,Yeti,0.005002689618074233,6,2018-08-01,10,0.07916296757795209,0.042942717470773335
2019-07-01,yeti_water_bottle,Yeti,0.007141122176341996,6,2018-08-01,11,0.08630408975429409,0.05008383964711533
2019-08-01,yeti_water_bottle,Yeti,0.007226716653512234,6,2018-08-01,12,0.09353080640780631,0.057310556300627556
2019-09-01,yeti_water_bottle,Yeti,0.008066581306017926,6,2018-08-01,13,0.10159738771382425,0.06537713760664549
2019-10-01,yeti_water_bottle,Yeti,0.00881679389312977,6,2018-08-01,14,0.11041418160695401,0.07419393149977527
2019-11-01,yeti_water_bottle,Yeti,0.009653916211293261,6,2018-08-01,15,0.12006809781824727,0.08384784771106851
2019-12-01,yeti_water_bottle,Yeti,0.009431513368521242,6,2018-08-01,16,0.1294996111867685,0.09327936107958976
2020-01-01,yeti_water_bottle,Yeti,0.008912037037037038,6,2018-08-01,17,0.13841164822380556,0.10219139811662681
2020-02-01,yeti_water_bottle,Yeti,0.008751675852822882,6,2018-08-01,18,0.14716332407662844,0.11094307396944969
2020-03-01,yeti_water_bottle,Yeti,0.00637800934243622,6,2018-08-01,19,0.15354133341906465,0.1173210833118859
2020-04-01,yeti_water_bottle,Yeti,0.003556454028152141,6,2018-08-01,20,0.1570977874472168,0.12087753734003806
2020-05-01,yeti_water_bottle,Yeti,0.0035512420050572654,6,2018-08-01,21,0.16064902945227405,0.1244287793450953
2020-06-01,yeti_water_bottle,Yeti,0.006570177109122072,6,2018-08-01,22,0.16721920656139613,0.13099895645421739
2020-07-01,yeti_water_bottle,Yeti,0.0087593984962406,6,2018-08-01,23,0.17597860505763674,0.139758354950458
2020-08-01,yeti_water_bottle,Yeti,0.009628084810566562,6,2018-08-01,24,0.1856066898682033,0.14938643976102456
2020-09-01,yeti_water_bottle,Yeti,0.012320332919741953,6,2018-08-01,25,0.19792702278794524,0.1617067726807665
2020-10-01,yeti_water_bottle,Yeti,0.015273428810978215,6,2018-08-01,26,0.21320045159892345,0.1769802014917447
2020-11-01,yeti_water_bottle,Yeti,0.01752460788605367,6,2018-08-01,27,0.23072505948497712,0.19450480937779838
2020-12-01,yeti_water_bottle,Yeti,0.020438541292101164,6,2018-08-01,28,0.2511636007770783,0.21494335066989953
2021-01-01,yeti_water_bottle,Yeti,0.020768052037401886,6,2018-08-01,29,0.2719316528144802,0.23571140270730143
2021-02-01,yeti_water_bottle,Yeti,0.01773039273039273,6,2018-08-01,30,0.2896620455448729,0.25344179543769413
2021-03-01,yeti_water_bottle,Yeti,0.015179910044977513,6,2018-08-01,31,0.30484195558985044,0.26862170548267167
2021-04-01,yeti_water_bottle,Yeti,0.014096599277011646,6,2018-08-01,32,0.31893855486686207,0.2827183047596833
2021-05-01,yeti_water_bottle,Yeti,0.016677915260592428,6,2018-08-01,33,0.3356164701274545,0.2993962200202757
2021-06-01,yeti_water_bottle,Yeti,0.017522220594339857,6,2018-08-01,34,0.3531386907217944,0.3169184406146156
2021-07-01,yeti_water_bottle,Yeti,0.018106691335183472,6,2018-08-01,35,0.3712453820569778,0.33502513194979905
2021-08-01,yeti_water_bottle,Yeti,0.018325758219352648,6,2018-08-01,36,0.3895711402763305,0.3533508901691517
2021-09-01,yeti_water_bottle,Yeti,0.018480743133579003,6,2018-08-01,37,0.4080518834099095,0.3718316333027307
2021-10-01,yeti_water_bottle,Yeti,0.02087746042347577,6,2018-08-01,38,0.42892934383338527,0.3927090937262065
2021-11-01,yeti_water_bottle,Yeti,0.022550177095631643,6,2018-08-01,39,0.4514795209290169,0.4152592708218381
2021-12-01,yeti_water_bottle,Yeti,0.025364752947249363,6,2018-08-01,40,0.47684427387626627,0.4406240237690875
2022-01-01,yeti_water_bottle,Yeti,0.02993096468236328,6,2018-08-01,41,0.5067752385586295,0.4705549884514507
2022-02-01,yeti_water_bottle,Yeti,0.0330431055417966,6,2018-08-01,42,0.5398183441004262,0.5035980939932474
2022-03-01,yeti_water_bottle,Yeti,0.03528020805399124,6,2018-08-01,43,0.5750985521544174,0.5388783020472386
2022-04-01,yeti_water_bottle,Yeti,0.034087972931959074,6,2018-08-01,44,0.6091865250863765,0.5729662749791977
2022-05-01,yeti_water_bottle,Yeti,0.03169209899204693,6,2018-08-01,45,0.6408786240784233,0.6046583739712446
2022-06-01,yeti_water_bottle,Yeti,0.03205609320160404,6,2018-08-01,46,0.6729347172800274,0.6367144671728486
2022-07-01,yeti_water_bottle,Yeti,0.03501324884232808,6,2018-08-01,47,0.7079479661223556,0.6717277160151768
2022-08-01,yeti_water_bottle,Yeti,0.04143610836446202,6,2018-08-01,48,0.7493840744868175,0.7131638243796388
2022-09-01,yeti_water_bottle,Yeti,0.04079742267315433,6,2018-08-01,49,0.7901814971599719,0.7539612470527931
2022-10-01,yeti_water_bottle,Yeti,0.04065971279851217,6,2018-08-01,50,0.830841209958484,0.7946209598513052
2022-11-01,yeti_water_bottle,Yeti,0.042240623761826225,6,2018-08-01,51,0.8730818337203102,0.8368615836131315
2022-12-01,yeti_water_bottle,Yeti,0.05063789104179958,6,2018-08-01,52,0.9237197247621098,0.8874994746549311
2023-01-01,yeti_water_bottle,Yeti,0.05595660371496385,6,2018-08-01,53,0.9796763284770736,0.9434560783698949
2023-02-01,yeti_water_bottle,Yeti,0.05689006185396437,6,2018-08-01,54,1.036566390331038,1.0003461402238594
2023-03-01,yeti_water_bottle,Yeti,0.055747514600861796,6,2018-08-01,55,1.0923139049319,1.0560936548247213
2023-04-01,yeti_water_bottle,Yeti,0.05338587920766364,6,2018-08-01,56,1.1456997841395635,1.1094795340323849
2023-05-01,yeti_water_bottle,Yeti,0.051736884332411685,6,2018-08-01,57,1.1974366684719753,1.1612164183647966
2023-06-01,yeti_water_bottle,Yeti,0.05151258299677716,6,2018-08-01,58,1.2489492514687524,1.2127290013615737
2023-07-01,yeti_water_bottle,Yeti,0.052644914451900525,6,2018-08-01,59,1.301594165920653,1.2653739158134742
2023-08-01,yeti_water_bottle,Yeti,0.056966263254788874,6,2018-08-01,60,1.3585604291754416,1.322340179068263
2023-09-01,yeti_water_bottle,Yeti,0.06357991948289216,6,2018-08-01,61,1.422140348658334,1.3859200985511553
2023-10-01,yeti_water_bottle,Yeti,0.06940554027906995,6,2018-08-01,62,1.4915458889374038,1.4553256388302251
2023-11-01,yeti_water_bottle,Yeti,0.07682621763564595,6,2018-08-01,63,1.5683721065730498,1.5321518564658712
2023-12-01,yeti_water_bottle,Yeti,0.0806411657995921,6,2018-08-01,64,1.6490132723726418,1.6127930222654632
2024-01-01,yeti_water_bottle,Yeti,0.08402049913362569,6,2018-08-01,65,1.7330337715062676,1.696813521399089
2024-02-01,yeti_water_bottle,Yeti,0.08281827587057984,6,2018-08-01,66,1.8158520473768474,1.7796317972696687
2024-03-01,yeti_water_bottle,Yeti,0.07802883674219363,6,2018-08-01,67,1.893880884119041,1.8576606340118624
2024-04-01,yeti_water_bottle,Yeti,0.0715771539759985,6,2018-08-01,68,1.9654580380950395,1.9292377879878608
2024-05-01,yeti_water_bottle,Yeti,0.06647815360040064,6,2018-08-01,69,2.0319361916954404,1.9957159415882617
2024-06-01,yeti_water_bottle,Yeti,0.0629432656315798,6,2018-08-01,70,2.09487945732702,2.0586592072198413
2024-07-01,yeti_water_bottle,Yeti,0.062307871290263515,6,2018-08-01,71,2.1571873286172836,2.120967078510105
2024-08-01,yeti_water_bottle,Yeti,0.06315574951866926,6,2018-08-01,72,2.2203430781359526,2.184122828028774
2024-09-01,yeti_water_bottle,Yeti,0.06832571440563252,6,2018-08-01,73,2.288668792541585,2.2524485424344065
2024-10-01,yeti_water_bottle,Yeti,0.07215512002454598,6,2018-08-01,74,2.3608239125661314,2.324603662458953
2024-11-01,yeti_water_bottle,Yeti,0.07903338839983698,6,2018-08-01,75,2.439857300965968,2.4036370508587894
2024-12-01,yeti_water_bottle,Yeti,0.09116068804374944,6,2018-08-01,76,2.5310179890097175,2.494797738902539
2025-01-01,yeti_water_bottle,Yeti,0.09254030676701618,6,2018-08-01,77,2.623558295776734,2.587338045669555
2025-02-01,yeti_water_bottle,Yeti,0.09213255072940167,6,2018-08-01,78,2.7156908465061353,2.6794705963989567
2025-03-01,yeti_water_bottle,Yeti,0.0832772590777403,6,2018-08-01,79,2.7989681055838758,2.762747855476697
2025-04-01,yeti_water_bottle,Yeti,0.08213156477498067,6,2018-08-01,80,2.8810996703588567,2.844879420251678
2025-05-01,yeti_water_bottle,Yeti,0.0785781274176488,6,2018-08-01,81,2.9596777977765054,2.9234575476693268
2025-06-01,yeti_water_bottle,Yeti,0.07454943913075482,6,2018-08-01,82,3.03422723690726,2.9980069868000814
2025-07-01,yeti_water_bottle,Yeti,0.07388904250511394,6,2018-08-01,83,3.108116279412374,3.0718960293051953
2025-08-01,yeti_water_bottle,Yeti,0.07694912174009251,6,2018-08-01,84,3.1850654011524666,3.148845151045288
2025-09-01,yeti_water_bottle,Yeti,0.07750406260274018,6,2018-08-01,85,3.2625694637552067,3.226349213648028
2025-10-01,yeti_water_bottle,Yeti,0.07743778624241118,6,2018-08-01,86,3.340007249997618,3.3037869998904394
2025-11-01,yeti_water_bottle,Yeti,0.08464300285175368,6,2018-08-01,87,3.4246502528493714,3.3884300027421927
2025-12-01,yeti_water_bottle,Yeti,0.09567390165945515,6,2018-08-01,88,3.5203241545088266,3.484103904401648
2026-01-01,yeti_water_bottle,Yeti,0.09782451658546866,6,2018-08-01,89,3.6181486710942954,3.5819284209871167
2026-02-01,yeti_water_bottle,Yeti,0.09159644831234137,6,2018-08-01,90,3.709745119406637,3.673524869299458
2026-03-01,yeti_water_bottle,Yeti,0.07930365931396637,6,2018-08-01,91,3.7890487787206033,3.7528285286134246
2026-04-01,yeti_water_bottle,Yeti,0.07603636892002184,6,2018-08-01,92,3.865085147640625,3.8288648975334465
2026-05-01,yeti_water_bottle,Yeti,0.07449916990368581,6,2018-08-01,93,3.939584317544311,3.903364067437132
2026-06-01,yeti_water_bottle,Yeti,0.07567875511392401,6,2018-08-01,94,4.015263072658235,3.9790428225510563
